-- Insert dữ liệu bảng author
insert into author (id, full_name, dob, address, mobile) values (1, 'Adan Hollebon', '2021-09-27', 'Pingyao', '8811809316');
insert into author (id, full_name, dob, address, mobile) values (2, 'Aurie Gomer', '2021-09-17', 'Anuling', '5184843838');
insert into author (id, full_name, dob, address, mobile) values (3, 'Lani Jiggins', '2021-09-17', 'Tayang', '7387840257');
insert into author (id, full_name, dob, address, mobile) values (4, 'Janean Sattin', '2022-04-08', 'Akarakar', '9806508482');
insert into author (id, full_name, dob, address, mobile) values (5, 'Earvin Huyche', '2022-03-11', 'Halat', '3375353583');
insert into author (id, full_name, dob, address, mobile) values (6, 'Tonia Swanbourne', '2021-11-06', 'Bełżyce', '6462564893');
insert into author (id, full_name, dob, address, mobile) values (7, 'Cobbie Richings', '2022-01-17', 'Baipenzhu', '3614585134');
insert into author (id, full_name, dob, address, mobile) values (8, 'Inglis Dupree', '2021-11-16', 'Sabi', '4492357349');
insert into author (id, full_name, dob, address, mobile) values (9, 'Germana Overstall', '2022-04-23', 'Guan’e', '6515714547');
insert into author (id, full_name, dob, address, mobile) values (10, 'Gloriana Gauntlett', '2022-02-23', 'Francisco I Madero', '7652408010');
insert into author (id, full_name, dob, address, mobile) values (11, 'Kendell Brentnall', '2021-09-07', 'Vila Nova de Gaia', '9941220453');
insert into author (id, full_name, dob, address, mobile) values (12, 'Gail Crossman', '2022-01-25', 'Huitang', '9889964151');
insert into author (id, full_name, dob, address, mobile) values (13, 'Perle Mosey', '2022-01-08', 'Ardino', '7693846033');
insert into author (id, full_name, dob, address, mobile) values (14, 'Min Comelli', '2021-09-08', 'Kokagax', '6079246542');
insert into author (id, full_name, dob, address, mobile) values (15, 'Earlie Westphal', '2021-12-30', 'Konispol', '2524110197');
insert into author (id, full_name, dob, address, mobile) values (16, 'Elberta Oxbrow', '2022-02-09', 'Dūkštas', '2479027373');
insert into author (id, full_name, dob, address, mobile) values (17, 'Gennifer Sibbering', '2022-02-02', 'Panganiban', '9991807630');
insert into author (id, full_name, dob, address, mobile) values (18, 'Bernete Guisby', '2021-08-18', 'Shiniujiang', '4412920558');
insert into author (id, full_name, dob, address, mobile) values (19, 'Josiah Wark', '2021-09-21', 'Meaux', '2324955227');
insert into author (id, full_name, dob, address, mobile) values (20, 'Lilas Foulsham', '2021-06-08', 'Lengkongjaya', '4792186921');
insert into author (id, full_name, dob, address, mobile) values (21, 'Bobette Hufton', '2021-08-25', 'Thành Phố Uông Bí', '1168806568');
insert into author (id, full_name, dob, address, mobile) values (22, 'Codi Bowker', '2022-06-01', 'Sydney', '4726659448');
insert into author (id, full_name, dob, address, mobile) values (23, 'Garvin Dederick', '2021-10-26', 'El Jícaro', '1067327080');
insert into author (id, full_name, dob, address, mobile) values (24, 'Thorny Fleeming', '2022-04-21', 'Sungaipuntik', '6143197106');
insert into author (id, full_name, dob, address, mobile) values (25, 'Marjorie Drysdell', '2021-11-07', 'Tilik', '8362638502');
insert into author (id, full_name, dob, address, mobile) values (26, 'Meridith Collecott', '2021-11-13', 'Uthai Thani', '4421391959');
insert into author (id, full_name, dob, address, mobile) values (27, 'Dulcie Sussems', '2021-07-19', 'Rancapare', '3008502583');
insert into author (id, full_name, dob, address, mobile) values (28, 'Madison Bottoms', '2021-12-29', 'Citangtu Kaler', '7805871816');
insert into author (id, full_name, dob, address, mobile) values (29, 'Arthur Bauser', '2021-07-03', 'Cisoka', '7966509055');
insert into author (id, full_name, dob, address, mobile) values (30, 'Pren O''Carney', '2022-03-11', 'Mufulira', '6264072429');
insert into author (id, full_name, dob, address, mobile) values (31, 'Enrika Etoile', '2021-08-03', 'Qingfeng', '8804189995');

-- Insert dữ liệu bảng post
insert into post (id, title, description, create_at, id_author) values (1, 'Daydream Nation', 'Nulla ut erat id mauris vulputate elementum.', '2021-12-16', 15);
insert into post (id, title, description, create_at, id_author) values (2, 'Suing the Devil', 'Aenean sit amet justo. Morbi ut odio. Cras mi pede, malesuada in, imperdiet et, commodo vulputate, justo.', '2022-02-18', 1);
insert into post (id, title, description, create_at, id_author) values (3, 'Cabin Fever', 'Pellentesque at nulla. Suspendisse potenti. Cras in purus eu magna vulputate luctus. Cum sociis natoque penatibus et magnis dis parturient montes, nascetur ridiculus mus. Vivamus vestibulum sagittis sapien. Cum sociis natoque penatibus et magnis dis parturient montes, nascetur ridiculus mus. Etiam vel augue. Vestibulum rutrum rutrum neque. Aenean auctor gravida sem. Praesent id massa id nisl venenatis lacinia.', '2022-05-31', 18);
insert into post (id, title, description, create_at, id_author) values (4, 'Divorce of Lady X, The', 'Maecenas tristique, est et tempus semper, est quam pharetra magna, ac consequat metus sapien ut nunc. Vestibulum ante ipsum primis in faucibus orci luctus et ultrices posuere cubilia Curae; Mauris viverra diam vitae quam. Suspendisse potenti. Nullam porttitor lacus at turpis. Donec posuere metus vitae ipsum. Aliquam non mauris. Morbi non lectus.', '2021-07-01', 14);
insert into post (id, title, description, create_at, id_author) values (5, 'Viva Knievel!', 'Etiam faucibus cursus urna.', '2022-06-01', 4);
insert into post (id, title, description, create_at, id_author) values (6, 'Slacker', 'Quisque id justo sit amet sapien dignissim vestibulum. Vestibulum ante ipsum primis in faucibus orci luctus et ultrices posuere cubilia Curae; Nulla dapibus dolor vel est. Donec odio justo, sollicitudin ut, suscipit a, feugiat et, eros. Vestibulum ac est lacinia nisi venenatis tristique. Fusce congue, diam id ornare imperdiet, sapien urna pretium nisl, ut volutpat sapien arcu sed augue. Aliquam erat volutpat.', '2021-08-02', 22);
insert into post (id, title, description, create_at, id_author) values (7, 'Just Between Friends', 'In congue. Etiam justo. Etiam pretium iaculis justo. In hac habitasse platea dictumst.', '2021-11-11', 27);
insert into post (id, title, description, create_at, id_author) values (8, 'Call Me Kuchu', 'Integer ac leo. Pellentesque ultrices mattis odio. Donec vitae nisi. Nam ultrices, libero non mattis pulvinar, nulla pede ullamcorper augue, a suscipit nulla elit ac nulla. Sed vel enim sit amet nunc viverra dapibus. Nulla suscipit ligula in lacus. Curabitur at ipsum ac tellus semper interdum. Mauris ullamcorper purus sit amet nulla. Quisque arcu libero, rutrum ac, lobortis vel, dapibus at, diam. Nam tristique tortor eu pede.', '2021-06-06', 10);
insert into post (id, title, description, create_at, id_author) values (9, 'Just Go with It', 'Nunc nisl. Duis bibendum, felis sed interdum venenatis, turpis enim blandit mi, in porttitor pede justo eu massa. Donec dapibus. Duis at velit eu est congue elementum. In hac habitasse platea dictumst. Morbi vestibulum, velit id pretium iaculis, diam erat fermentum justo, nec condimentum neque sapien placerat ante. Nulla justo. Aliquam quis turpis eget elit sodales scelerisque. Mauris sit amet eros.', '2021-12-24', 5);
insert into post (id, title, description, create_at, id_author) values (10, 'Rhinestone', 'In quis justo.', '2021-12-30', 17);
insert into post (id, title, description, create_at, id_author) values (11, 'Metropolis', 'Fusce posuere felis sed lacus. Morbi sem mauris, laoreet ut, rhoncus aliquet, pulvinar sed, nisl. Nunc rhoncus dui vel sem. Sed sagittis. Nam congue, risus semper porta volutpat, quam pede lobortis ligula, sit amet eleifend pede libero quis orci. Nullam molestie nibh in lectus. Pellentesque at nulla.', '2022-03-17', 11);
insert into post (id, title, description, create_at, id_author) values (12, 'Shrink Is In, The', 'Cras mi pede, malesuada in, imperdiet et, commodo vulputate, justo. In blandit ultrices enim.', '2021-10-08', 17);
insert into post (id, title, description, create_at, id_author) values (13, 'Zodiac', 'Nulla tellus. In sagittis dui vel nisl. Duis ac nibh. Fusce lacus purus, aliquet at, feugiat non, pretium quis, lectus. Suspendisse potenti. In eleifend quam a odio. In hac habitasse platea dictumst. Maecenas ut massa quis augue luctus tincidunt.', '2021-09-13', 17);
insert into post (id, title, description, create_at, id_author) values (14, 'Let''s Make Love', 'Integer ac neque. Duis bibendum. Morbi non quam nec dui luctus rutrum. Nulla tellus.', '2022-03-07', 31);
insert into post (id, title, description, create_at, id_author) values (15, 'Round-Up, The (Szegénylegények)', 'Morbi ut odio. Cras mi pede, malesuada in, imperdiet et, commodo vulputate, justo. In blandit ultrices enim. Lorem ipsum dolor sit amet, consectetuer adipiscing elit. Proin interdum mauris non ligula pellentesque ultrices. Phasellus id sapien in sapien iaculis congue. Vivamus metus arcu, adipiscing molestie, hendrerit at, vulputate vitae, nisl. Aenean lectus.', '2021-09-18', 12);
insert into post (id, title, description, create_at, id_author) values (16, 'Toolbox Murders', 'Morbi non quam nec dui luctus rutrum. Nulla tellus. In sagittis dui vel nisl. Duis ac nibh. Fusce lacus purus, aliquet at, feugiat non, pretium quis, lectus. Suspendisse potenti.', '2021-12-21', 2);
insert into post (id, title, description, create_at, id_author) values (17, 'Mother of Mine (Äideistä parhain)', 'Phasellus id sapien in sapien iaculis congue. Vivamus metus arcu, adipiscing molestie, hendrerit at, vulputate vitae, nisl. Aenean lectus. Pellentesque eget nunc. Donec quis orci eget orci vehicula condimentum. Curabitur in libero ut massa volutpat convallis. Morbi odio odio, elementum eu, interdum eu, tincidunt in, leo. Maecenas pulvinar lobortis est. Phasellus sit amet erat.', '2021-11-03', 31);
insert into post (id, title, description, create_at, id_author) values (18, 'Message to Garcia, A', 'Integer tincidunt ante vel ipsum. Praesent blandit lacinia erat. Vestibulum sed magna at nunc commodo placerat. Praesent blandit.', '2022-03-13', 15);
insert into post (id, title, description, create_at, id_author) values (19, 'Vidal Sassoon: The Movie', 'Sed sagittis. Nam congue, risus semper porta volutpat, quam pede lobortis ligula, sit amet eleifend pede libero quis orci. Nullam molestie nibh in lectus. Pellentesque at nulla. Suspendisse potenti. Cras in purus eu magna vulputate luctus. Cum sociis natoque penatibus et magnis dis parturient montes, nascetur ridiculus mus.', '2021-11-16', 20);
insert into post (id, title, description, create_at, id_author) values (20, 'Little Big Man', 'Cras in purus eu magna vulputate luctus. Cum sociis natoque penatibus et magnis dis parturient montes, nascetur ridiculus mus. Vivamus vestibulum sagittis sapien. Cum sociis natoque penatibus et magnis dis parturient montes, nascetur ridiculus mus.', '2022-05-07', 20);
insert into post (id, title, description, create_at, id_author) values (21, 'Kevin Nealon: Whelmed, But Not Overly', 'Morbi ut odio. Cras mi pede, malesuada in, imperdiet et, commodo vulputate, justo. In blandit ultrices enim. Lorem ipsum dolor sit amet, consectetuer adipiscing elit.', '2021-12-08', 3);
insert into post (id, title, description, create_at, id_author) values (22, 'Corto Maltese: Ballad of the Salt Sea (Corto Maltese - La ballade de la mer salée)', 'Suspendisse ornare consequat lectus. In est risus, auctor sed, tristique in, tempus sit amet, sem. Fusce consequat. Nulla nisl. Nunc nisl. Duis bibendum, felis sed interdum venenatis, turpis enim blandit mi, in porttitor pede justo eu massa.', '2021-07-28', 9);
insert into post (id, title, description, create_at, id_author) values (23, 'Restless Natives', 'Suspendisse ornare consequat lectus. In est risus, auctor sed, tristique in, tempus sit amet, sem. Fusce consequat.', '2021-12-09', 15);
insert into post (id, title, description, create_at, id_author) values (24, 'Little World of Don Camillo, The (Petit monde de Don Camillo, Le)', 'Duis at velit eu est congue elementum.', '2022-04-11', 2);
insert into post (id, title, description, create_at, id_author) values (25, 'Foreign Affair, A', 'Aliquam non mauris. Morbi non lectus. Aliquam sit amet diam in magna bibendum imperdiet. Nullam orci pede, venenatis non, sodales sed, tincidunt eu, felis.', '2022-04-25', 9);

--Insert dữ liệu bảng tag
insert into tag(id,name) values(1,'Java core');
insert into tag(id,name) values(2,'Spring boot');
insert into tag(id,name) values(3,'C#');
insert into tag(id,name) values(4,'ASP.NET MVC');
insert into tag(id,name) values(5,'Lập trình');
insert into tag(id,name) values(6,'Phỏng vấn');
--Insert dữ liệu bảng post_tag
insert into post_tag (id_tag, id_post) values (1, 6);
insert into post_tag (id_tag, id_post) values (2, 24);
insert into post_tag (id_tag, id_post) values (3, 19);
insert into post_tag (id_tag, id_post) values (4, 25);
insert into post_tag (id_tag, id_post) values (5, 24);
insert into post_tag (id_tag, id_post) values (6, 1);
insert into post_tag (id_tag, id_post) values (7, 12);
insert into post_tag (id_tag, id_post) values (8, 15);
insert into post_tag (id_tag, id_post) values (9, 8);
insert into post_tag (id_tag, id_post) values (10, 25);
insert into post_tag (id_tag, id_post) values (11, 8);
insert into post_tag (id_tag, id_post) values (12, 1);
insert into post_tag (id_tag, id_post) values (13, 7);
insert into post_tag (id_tag, id_post) values (14, 1);
insert into post_tag (id_tag, id_post) values (15, 1);
insert into post_tag (id_tag, id_post) values (16, 25);
insert into post_tag (id_tag, id_post) values (17, 8);
insert into post_tag (id_tag, id_post) values (18, 13);
insert into post_tag (id_tag, id_post) values (19, 7);
insert into post_tag (id_tag, id_post) values (20, 23);
insert into post_tag (id_tag, id_post) values (21, 24);
insert into post_tag (id_tag, id_post) values (22, 6);
insert into post_tag (id_tag, id_post) values (23, 3);
insert into post_tag (id_tag, id_post) values (24, 17);
insert into post_tag (id_tag, id_post) values (25, 14);
